index,filename,source,model,lens,chi,x,y,einsteinR,sigma,sigma2,theta,nterms,centreX,centreY,reletaX,reletaY,offsetX,offsetY,alpha[0][1],beta[0][1],alpha[1][0],beta[1][0],alpha[1][2],beta[1][2],alpha[2][1],beta[2][1],alpha[2][3],beta[2][3],alpha[3][0],beta[3][0],alpha[3][2],beta[3][2],alpha[3][4],beta[3][4],alpha[4][1],beta[4][1],alpha[4][3],beta[4][3],alpha[4][5],beta[4][5],alpha[5][0],beta[5][0],alpha[5][2],beta[5][2],alpha[5][4],beta[5][4],alpha[5][6],beta[5][6],alpha[6][1],beta[6][1],alpha[6][3],beta[6][3],alpha[6][5],beta[6][5],alpha[6][7],beta[6][7],alpha[7][0],beta[7][0],alpha[7][2],beta[7][2],alpha[7][4],beta[7][4],alpha[7][6],beta[7][6],alpha[7][8],beta[7][8],alpha[8][1],beta[8][1],alpha[8][3],beta[8][3],alpha[8][5],beta[8][5],alpha[8][7],beta[8][7],alpha[8][9],beta[8][9],alpha[9][0],beta[9][0],alpha[9][2],beta[9][2],alpha[9][4],beta[9][4],alpha[9][6],beta[9][6],alpha[9][8],beta[9][8],alpha[9][10],beta[9][10],alpha[10][1],beta[10][1],alpha[10][3],beta[10][3],alpha[10][5],beta[10][5],alpha[10][7],beta[10][7],alpha[10][9],beta[10][9],alpha[10][11],beta[10][11]
s011,image-s011.png,s,Raytrace,SIS,50,68,21,48,18,0,0,16,127,38,-59.0,-17.0,-32.971231018815715,-10.518951013503916,-45.98561550940786,-13.759475506751958,-0.3620914607039989,0.0,0.30258425427862196,0.19887934779007554,0.007850500570660878,0.0023489686746859316,-0.005270150528201572,-0.006274832783006982,-6.181496512331399e-05,0.0,-0.00020662442675373948,-0.00013580789697154196,0.00012259303230163757,0.0002837220404921034,4.4673650319586165e-06,1.3366918993262002e-06,7.497511136689199e-06,8.92680928556163e-06,-1.907195296492135e-06,-1.6208879564656892e-05,-1.0552830784154214e-07,0.0,-2.2046366594392622e-07,-1.4490400433713147e-07,-2.9300104459504797e-07,-6.781042338057441e-07,-1.9140229825426204e-07,1.0913907775452744e-06,1.3346421452104216e-08,3.993417442361891e-09,1.254349441863441e-08,1.493474039694486e-08,6.837381419166021e-09,5.8109566526682065e-08,4.1176256511416834e-08,-8.220945516192279e-08,-5.254496634686699e-10,0.0,-9.83574313435601e-10,-6.464732225591024e-10,-7.002813334656582e-10,-1.6206895703545927e-09,9.58481889624712e-10,-5.46533821339468e-09,-6.179563554904634e-09,6.566137811170236e-09,9.569504939197239e-11,2.8633164384999613e-11,7.70897056400453e-11,9.178580566039063e-11,2.201106439253069e-11,1.8706772845165373e-10,-2.741490930311166e-10,5.473457152418462e-10,8.828752702703238e-10,-5.113606842305598e-10,-5.274530281447297e-12,0.0,-9.445067170788006e-12,-6.207952899723925e-12,-5.635906708595044e-12,-1.3043408107007687e-11,3.988447514870457e-12,-2.2742437651765924e-11,5.274765454024317e-11,-5.604738358137708e-11,-1.2726721166144473e-10,3.036990227389511e-11,1.2579272981019532e-12,3.763876954950726e-13,9.478679124677188e-13,1.1285659905322499e-12,2.2389334548231864e-13,1.9028257247329546e-12,-1.4300536919053075e-12,2.855138976299026e-12,-9.394962473143489e-12,5.441555110175562e-12,1.8723203276664135e-11,1.0586896166081222e-12
s012,image-s012.png,s,Raytrace,SIS,50,21,-68,48,18,0,0,16,40,-127,-19.0,59.0,-9.839591490517883,32.565702982394285,-14.419795745258941,45.782851491197135,-0.3604948936314735,0.0,-0.29542728352257197,-0.20658966209576235,0.002440035379083807,-0.007747112328591088,0.006439276624806482,-0.004950478626578391,-6.100088447709518e-05,0.0,0.00019996206228613367,0.00013983168510063446,0.00010467023537232712,0.0002864818310151613,1.3762961131952212e-06,-4.369740159394827e-06,-9.08014640533375e-06,6.9807640399605055e-06,-1.6018388723375826e-05,7.240637690650148e-07,-1.0322220848964157e-07,0.0,2.1147772958796359e-07,1.4788448844474569e-07,-2.479637816931434e-07,-6.786754415159781e-07,2.785839614402384e-07,-1.0474184256123838e-06,4.075556768162284e-09,-1.2939892738915249e-08,-1.5057606425450523e-08,1.1576200731842682e-08,5.692134297324592e-08,-2.5729605421115647e-09,7.561997842781866e-08,4.794663553508158e-08,-5.094445960202854e-10,0.0,9.351826950023322e-10,6.539649102638649e-10,-5.874261848447188e-10,-1.6077820826708264e-09,-1.3827846244424942e-09,5.1989859244114345e-09,-6.68296486270435e-09,5.635756890184791e-09,2.8964981261686938e-11,-9.196381550585602e-11,-9.172663398661266e-11,7.051890569344064e-11,1.8163019280279828e-10,-8.210054347406482e-12,-4.990432328983465e-10,-3.1641696416067416e-10,-3.7939748198879727e-10,-9.088218285048624e-10,-5.068871720795214e-12,0.0,8.901352573841927e-12,6.224636392747882e-12,-4.686042424407622e-12,-1.2825671110643518e-11,-5.703430856922099e-12,2.1443727549358884e-11,5.654265493855552e-11,-4.7682527696301074e-11,1.2522627421142625e-10,-1.134414350671308e-11,3.773992143634543e-13,-1.1982425056039673e-12,-1.1179144251530787e-12,8.594461444230099e-13,1.8312593470302633e-12,-8.2776649252272e-14,-2.580271288981233e-12,-1.6360137842740616e-12,4.001767112183745e-12,9.585971116837347e-12,-3.824160985898001e-12,1.7530179295914823e-11
s013,image-s013.png,s,Raytrace,SIS,50,68,-21,48,18,0,0,16,127,-40,-59.0,19.0,-32.565702982394285,9.839591490517883,-45.782851491197135,14.419795745258941,-0.3604948936314735,0.0,0.29542728352257197,-0.20658966209576235,0.007747112328591088,-0.002440035379083807,-0.004950478626578391,0.006439276624806482,-6.100088447709518e-05,0.0,-0.00019996206228613367,0.00013983168510063446,0.00010467023537232712,-0.00028648183101516136,4.369740159394827e-06,-1.3762961131952212e-06,6.9807640399605055e-06,-9.08014640533375e-06,-7.240637690650148e-07,1.6018388723375826e-05,-1.0322220848964157e-07,0.0,-2.1147772958796359e-07,1.4788448844474569e-07,-2.4796378169314343e-07,6.786754415159781e-07,-2.785839614402384e-07,-1.0474184256123836e-06,1.2939892738915249e-08,-4.075556768162284e-09,1.1576200731842682e-08,-1.5057606425450523e-08,2.5729605421115647e-09,-5.692134297324592e-08,4.794663553508158e-08,7.561997842781866e-08,-5.094445960202854e-10,0.0,-9.351826950023322e-10,6.539649102638649e-10,-5.874261848447189e-10,1.6077820826708264e-09,1.3827846244424942e-09,5.1989859244114345e-09,-6.6829648627043524e-09,-5.635756890184791e-09,9.196381550585602e-11,-2.8964981261686938e-11,7.051890569344064e-11,-9.172663398661266e-11,8.210054347405327e-12,-1.8163019280279828e-10,-3.1641696416067385e-10,-4.990432328983463e-10,9.088218285048624e-10,3.7939748198879717e-10,-5.068871720795214e-12,0.0,-8.901352573841927e-12,6.224636392747881e-12,-4.686042424407622e-12,1.282567111064354e-11,5.703430856921978e-12,2.144372754935885e-11,5.65426549385555e-11,4.768252769630111e-11,-1.2522627421142625e-10,-1.134414350671308e-11,1.1982425056039673e-12,-3.773992143634543e-13,8.594461444230081e-13,-1.1179144251530853e-12,8.277664925231977e-14,-1.8312593470302565e-12,-1.636013784274052e-12,-2.580271288981247e-12,-9.585971116837342e-12,-4.0017671121837425e-12,1.7530179295914833e-11,-3.824160985898005e-12
s014,image-s014.png,s,Raytrace,SIS,50,-21,-68,48,18,0,0,16,-38,-127,17.0,59.0,10.518951013503916,32.971231018815715,13.759475506751958,45.98561550940786,-0.3620914607039989,0.0,-0.30258425427862196,0.19887934779007554,-0.0023489686746859316,-0.007850500570660878,-0.006274832783006982,-0.005270150528201572,-6.181496512331399e-05,0.0,0.00020662442675373948,-0.00013580789697154196,0.00012259303230163754,-0.00028372204049210346,-1.3366918993262002e-06,-4.4673650319586165e-06,8.92680928556163e-06,7.497511136689199e-06,1.6208879564656892e-05,1.907195296492135e-06,-1.0552830784154214e-07,0.0,2.2046366594392622e-07,-1.4490400433713145e-07,-2.9300104459504797e-07,6.781042338057443e-07,1.9140229825426204e-07,1.0913907775452746e-06,-3.993417442361891e-09,-1.3346421452104216e-08,1.493474039694486e-08,1.254349441863441e-08,-5.8109566526682065e-08,-6.837381419166021e-09,-8.220945516192279e-08,4.117625651141684e-08,-5.254496634686699e-10,0.0,9.83574313435601e-10,-6.464732225591025e-10,-7.002813334656582e-10,1.620689570354593e-09,-9.58481889624712e-10,-5.465338213394682e-09,-6.1795635549046355e-09,-6.566137811170236e-09,-2.8633164384999613e-11,-9.569504939197239e-11,9.178580566039063e-11,7.70897056400453e-11,-1.8706772845165373e-10,-2.2011064392531943e-11,5.473457152418461e-10,-2.7414909303111635e-10,5.113606842305598e-10,-8.828752702703239e-10,-5.274530281447297e-12,0.0,9.445067170788006e-12,-6.207952899723925e-12,-5.635906708595044e-12,1.3043408107007665e-11,-3.988447514870327e-12,-2.27424376517659e-11,5.2747654540243143e-11,5.6047383581377106e-11,1.2726721166144478e-10,3.036990227389509e-11,-3.763876954950726e-13,-1.2579272981019532e-12,1.1285659905322428e-12,9.47867912467721e-13,-1.9028257247329477e-12,-2.2389334548236973e-13,2.8551389762990453e-12,-1.4300536919053007e-12,-5.441555110175568e-12,9.394962473143487e-12,1.0586896166081275e-12,1.8723203276664135e-11
s015,image-s015.png,s,Raytrace,SIS,50,-68,21,48,18,0,0,16,-125,38,57.0,-17.0,34.84958678861439,-10.922274383738774,45.92479339430719,-13.961137191869385,-0.3673983471544575,0.0,0.30523615683387206,-0.20448088921245222,-0.008071614047859955,0.0024537706705494264,0.005340250597134123,-0.00653097752262763,-6.457291238287965e-05,0.0,-0.00021458983431990537,0.00014375597109083285,0.0001228408749141474,-0.0002985827268790059,-4.728814838514239e-06,1.4375597109083287e-06,-7.821563356280569e-06,9.56555381485094e-06,1.6440775792409279e-06,-1.7220432289313572e-05,-1.1349155612434174e-07,0.0,-2.3572320543079418e-07,1.5791343710546112e-07,-3.022623906728098e-07,7.346929831225173e-07,-2.36674706561556e-07,-1.1679220140358628e-06,-1.4544658680766159e-08,4.421576238952912e-09,-1.347202312230645e-08,1.6475908498249322e-08,-6.068128624534446e-09,6.355892168414994e-08,-4.766647860970937e-08,-8.828652773780439e-08,-5.817863472306463e-10,0.0,-1.0827054488121309e-09,7.253156874490687e-10,-7.437471678632616e-10,1.8077863548623665e-09,1.2201871332483992e-09,6.021274663727023e-09,-7.093067692498279e-09,-7.025506306212179e-09,-1.0736580899739504e-10,3.2639205935208096e-11,-8.524099227893235e-11,1.0424735589729489e-10,-2.0111471383506276e-11,2.1065200059358805e-10,3.267313842249719e-10,6.051627948516676e-10,-1.0137700227298182e-09,-5.348746698355953e-10,-6.012485303854122e-12,0.0,-1.0703998153790328e-11,7.170720150977231e-12,-6.162464084301629e-12,1.497877096585981e-11,5.227382044572192e-12,2.5795635935616295e-11,6.23328931908571e-11,6.173917311686864e-11,-1.4645206719870257e-10,-2.822152666923589e-11,-1.4530143463822282e-12,4.4171636130019737e-13,-1.0790405398415134e-12,1.319636482132883e-12,-2.1061137206613649e-13,2.205990105226005e-12,1.7546650001340796e-12,3.2499417771829817e-12,1.1106391367419064e-11,5.8598373225881436e-12,-2.1571246227201804e-11,2.2679867993454963e-12
s016,image-s016.png,s,Raytrace,SIS,50,21,68,48,18,0,0,16,40,125,-19.0,-57.0,-10.25846980196324,-34.43271813113512,-14.62923490098162,-45.716359065567566,-0.3657308725245405,0.0,-0.2977866755969045,0.21232561539886244,0.002547907384786349,0.00796221057745734,0.006697039584685164,0.005003827547226448,-6.369768461965872e-05,0.0,0.00020745660999494072,-0.00014791915151154416,0.00010380170102058069,-0.0003010981277139923,1.4791915151154421e-06,4.622473484735757e-06,-9.719941342068452e-06,-7.26244927028512e-06,-1.6982603078984376e-05,-3.7846227187751755e-07,-1.1093936363365815e-07,0.0,2.2582359578549427e-07,-1.6101504155828466e-07,-2.5310139000664087e-07,7.34172502989125e-07,3.302157940535367e-07,1.1170783675897419e-06,4.508421163631971e-09,1.408881613634991e-08,-1.6590204670932512e-08,-1.2395704414884327e-08,6.211343941805608e-08,1.3842161467798901e-09,8.073659251392402e-08,-5.489469948116684e-08,-5.635526454539964e-10,0.0,1.0278415041847753e-09,-7.328638176005527e-10,-6.17141270262927e-10,1.7901448548936579e-09,-1.6870240857306953e-09,-5.706989628324987e-09,-7.616076328832321e-09,-5.959461196221756e-09,3.2978871792024874e-11,1.0305897435007773e-10,-1.0401986092660152e-10,-7.772052695544311e-11,2.0399686510097884e-10,4.546129746007451e-12,-5.483994963209931e-10,3.728696568532112e-10,-3.834161942302679e-10,1.0366223416135671e-09,-5.7713025636043525e-12,0.0,1.0069564808776824e-11,-7.179725353851569e-12,-5.067135455610905e-12,1.4698265862283258e-11,-7.161894703574314e-12,-2.422778615798323e-11,6.632287078808967e-11,5.1896614190610654e-11,1.4302150873761448e-10,6.377719619280361e-12,4.422710817972566e-13,1.3820971306164268e-12,-1.3048313468920461e-12,-9.749309311226042e-13,2.116948600104454e-12,4.7176818118722e-14,-2.918429830445571e-12,1.9843087689333566e-12,4.16248640470599e-12,-1.125389711940418e-11,-5.4310166934569995e-12,-2.00013439862112e-11
s002,image-s002.png,s,Raytrace,SIS,50,35,-29,3,43,0,0,16,36,-30,-1.0,1.0,-3.609327677584254,2.8411063979868807,-2.3046638387921274,1.9205531989934397,-0.06401843996644799,0.0,0.011544308846408653,-0.0629689573440472,0.0031484478672023602,-0.0026237065560019666,0.002012942079031019,0.003569961379478087,-8.745688520006556e-05,0.0,-6.308365489840794e-05,0.0003440926630822252,-0.0004088450733821931,-0.00015512374155346218,1.4337194295092712e-05,-1.194766191257726e-05,-2.2916007274943294e-05,-4.0641636833766926e-05,6.175088534541881e-05,-2.129612137467581e-05,-1.1947661912577261e-06,0.0,-5.386241026161881e-07,2.9379496506337528e-06,7.81944129419495e-06,2.9668475160498226e-06,-6.492410783585258e-06,1.0734372663323348e-05,3.4276079257393787e-07,-2.856339938116149e-07,-3.0679900450060696e-07,-5.44109345588683e-07,-1.7715417926964414e-06,6.109543017325029e-07,-4.423261878856736e-07,-2.911342046110736e-06,-4.760566563526915e-08,0.0,-1.9229567233656257e-08,1.0488854854721596e-07,1.4955215589990341e-07,5.6742985279641415e-08,2.601694667374784e-07,-4.3015701018781774e-07,6.113078569734419e-07,5.418947469510072e-07,1.9666602852602995e-08,-1.6388835710502495e-08,-1.5088475631177392e-08,-2.6759476012558174e-08,-4.563690800857281e-08,1.5738869599665393e-08,2.3566559190629513e-08,1.551124860632766e-07,-2.6136560969654423e-07,-7.98480314913287e-09,-3.8240616657839145e-09,0.0,-1.4776819083239954e-09,8.0600831363127e-09,9.631579127042187e-09,3.6544077170731866e-09,8.663429988697134e-09,-1.43238758515403e-08,-4.17560011593883e-08,-3.701466850758243e-08,7.4693990318918e-08,-5.847439044534138e-08,2.0687546716535934e-09,-1.7239622263779946e-09,-1.4846031350603027e-09,-2.632950004488112e-09,-3.714752871826964e-09,1.281112450336286e-09,9.83728563664828e-10,6.474792602823565e-09,2.2256543266509122e-08,6.799445304588197e-10,-8.087562306145203e-09,3.7601119101273564e-08
s003,image-s003.png,s,Raytrace,SIS,50,57,-47,50,47,0,0,16,74,-61,-17.0,14.0,-60.162915136979265,49.607267883185614,-38.58145756848963,31.803633941592803,-0.5213710482228329,0.0,0.0994896367979854,-0.5117905646793233,0.012585013885557127,-0.010374133067824119,0.007781991297941008,0.014333381417075254,-0.00017006775521023144,0.0,-0.00012981142128692233,0.0006677706617540369,-0.0007884112332767338,-0.00031856516020939836,1.368382503594338e-05,-1.12799098269263e-05,-2.1153613400948706e-05,-3.896211106087652e-05,5.9195861938323516e-05,-1.8662046713134383e-05,-5.547496636193263e-07,0.0,-2.64647618694117e-07,1.361389573544438e-06,3.6004427310669588e-06,1.4547935988686237e-06,-3.1726628689151544e-06,4.885011559757221e-06,7.81125165148448e-08,-6.439004739737206e-08,-6.762164118602715e-08,-1.245499690322681e-07,-4.0549519431492665e-07,1.2783613601472937e-07,-7.560021542896127e-08,-6.638312704886857e-07,-5.277872737489513e-09,0.0,-2.2559936180948978e-09,1.1605191102085887e-08,1.6442165347919136e-08,6.643615434650668e-09,3.035710910781055e-08,-4.6741439301797574e-08,6.51457654387503e-08,6.291776789985315e-08,1.0701508188398875e-09,-8.821513506653127e-10,-7.940782046418325e-10,-1.4625852620946996e-09,-2.4942309906756693e-09,7.863295463090376e-10,9.617511368041906e-10,8.444955816807228e-09,-1.4122165626332308e-08,-1.112356963399011e-09,-1.0123048286323257e-10,0.0,-4.1393815706590614e-11,2.1293639213623936e-10,2.528424438782621e-10,1.0216342720925505e-10,2.4136822915176003e-10,-3.716394203483488e-10,-1.0625056883562684e-09,-1.026167792212457e-09,2.0571054179592185e-09,-1.4401805691585108e-09,2.6878856056541692e-11,-2.2156894857419503e-11,-1.8655823863686764e-11,-3.4361518646112614e-11,-4.8477089222926794e-11,1.5282853800440132e-11,9.585791113812295e-12,8.417102858258199e-11,2.8714199979603755e-10,2.2617239551549092e-11,-1.3299129476958977e-10,4.794040512832009e-10
s004,image-s004.png,s,Raytrace,SIS,50,-60,-50,25,5,0,0,16,-97,-83,37.0,33.0,0.9904625991412246,-0.492696951250295,18.995231299570612,16.253651524374852,-0.19582712679969702,0.0,0.030278829275692507,0.1934721067449209,-0.0034964838568359207,-0.0029918367022410456,-0.002415229798764194,0.003917033473580774,-3.604622532820537e-05,0.0,-2.2293898104571735e-05,-0.00014245093146024367,-0.00017161340924878225,5.506447835314365e-05,-2.1453453533169226e-06,-1.8357078796423152e-06,3.704794758197622e-06,-6.008457285527019e-06,-9.11264982225424e-06,-3.8236967708772825e-06,-6.63508872159873e-08,0.0,-2.5647968429299302e-08,-1.6388237605102275e-07,4.4224832423910013e-07,-1.4190134316063524e-07,-3.1286303883805505e-07,-6.224835377469506e-07,-6.910702604561201e-09,-5.91328161008845e-09,6.683087856854221e-09,-1.0838670032795088e-08,3.52249931772007e-08,1.47805188713504e-08,1.4388428489554589e-08,-5.827916856271562e-08,-3.5622178374026806e-10,0.0,-1.2337714596006045e-10,-7.883407953368625e-10,1.1396753968611001e-09,-3.656802314852546e-10,1.6892838027824792e-09,3.3610597203172945e-09,4.971593520953385e-09,-3.5565662791357867e-09,-5.3426710527347607e-11,-4.5715638904843825e-11,4.428601598602625e-11,-7.182331350729349e-11,1.2226826515235243e-10,5.13041518946625e-11,-1.032915776952921e-10,4.183742006281585e-10,7.155229838330601e-10,6.226714918667158e-11,-3.855535811251888e-12,0.0,-1.2774508148705486e-12,-8.162505167081576e-12,9.889720411727978e-12,-3.17325026007072e-12,7.579388764171708e-12,1.5080224079530926e-11,-4.575647491367116e-11,3.273315387595823e-11,6.700444550486744e-11,6.824650013481905e-11,-7.572444552593751e-13,-6.479514410982282e-13,5.871237415532224e-13,-9.522006353082027e-13,1.340989838997514e-12,5.626835900827574e-13,-5.809543883954939e-13,2.3531088716968396e-12,-8.209767945562835e-12,-7.144408453741859e-13,9.733993344496215e-13,1.4200779869287486e-11
s005,image-s005.png,s,Raytrace,SIS,50,-20,-3,48,27,0,0,16,-21,-4,1.0,1.0,93.30450237655758,16.96276235743954,47.15225118827878,8.981381178719769,-2.245345294679942,0.0,2.088121991770187,0.8254223402762151,-0.3095333776035807,-0.05895873859115823,0.26618515842058443,0.16861941211957068,-0.014739684647789558,0.0,-0.054830336764206226,-0.021674109591497993,0.05377911026645509,0.0503911191268416,-0.006773159247343121,-0.0012901255709224992,-0.014561551335918183,-0.009224256680501678,0.014211330139206422,0.01950395973546271,-0.0009675941781918746,0.0,-0.0022496035324482866,-0.0008892550434148518,-0.004942500287070272,-0.004631131298309295,0.0043409165116703625,0.009185681126945029,-0.0007780981629879955,-0.00014820917390247532,-0.0009367825148271215,-0.0005934204516559066,-0.0019591111570459617,-0.0026887296790681636,0.0013098068809852832,0.005061034281920789,-0.0001852614673780941,0.0,-0.0003859276081924412,-0.00015255491335607087,-0.00045423416205022174,-0.0004256181937177031,-0.0008358876433851026,-0.00176879636580124,0.00020657220098272019,0.003172368308042909,-0.00021453034690697466,-4.086292322037613e-05,-0.00022138405164404622,-0.00014023940651824489,-0.0002425157918693934,-0.00033283430850609654,-0.00033533349031789143,-0.0012957133719578386,-0.00027411784501755066,0.002213764440027305,-7.151011563565822e-05,0.0,-0.00014250609164655242,-5.6331819756754834e-05,-0.0001405726228289174,-0.00013171679017835063,-0.00013375116832064192,-0.0002830267707860257,-6.780269178863744e-05,-0.0010412587444342178,-0.0005435362201162402,0.0016885643142856804,-0.00010843875303175305,-2.065500057747677e-05,-0.00010467126543032137,-6.63057525348164e-05,-9.485710677603915e-05,-0.000130184097692471,-6.726237041387406e-05,-0.00025989874346346164,0.00011216638297217112,-0.0009058510947157697,-0.0007553650759564393,0.0013838696032191515
s006,image-s006.png,s,Raytrace,SIS,50,-30,-25,20,20,0,0,16,-41,-35,11.0,10.0,19.422580088076298,15.970495197138305,15.211290044038147,12.985247598569151,-0.3710070742448329,0.0,0.058217214678473427,0.3664109783491639,-0.0157033276435356,-0.01340527969570112,-0.010775098183485895,0.01761230484452405,-0.0003830079913057463,0.0,-0.0002404014370755957,-0.0015130529044012277,-0.0018207324416401633,0.0005935582625662076,-5.4037603728615275e-05,-4.612966171954962e-05,9.269699056680914e-05,-0.00015151673128461845,-0.00022985959569148237,-9.488239051801047e-05,-3.953971004532824e-06,0.0,-1.551110442246187e-06,-9.76247142378631e-06,2.6314784084269394e-05,-8.578612191252829e-06,-1.890235299276796e-05,-3.696399681485304e-05,-9.762471423786311e-07,-8.333817069085875e-07,9.378153897674427e-07,-1.532894666127936e-06,4.983191510173222e-06,2.0569823133636127e-06,1.9635848499587254e-06,-8.240938907678722e-06,-1.1905452955836963e-07,0.0,-4.1846888737818684e-08,-2.6337844446828866e-07,3.803237892427097e-07,-1.239854480497656e-07,5.72404357661246e-07,1.1193502132508759e-06,1.650453519622094e-06,-1.204056893001218e-06,-4.232867857526067e-08,-3.6134237808149354e-08,3.485342811248583e-08,-5.696924430207058e-08,9.700834913128346e-08,4.004350585448575e-08,-7.905692616833069e-08,3.3179279153420853e-07,5.668130706790176e-07,4.335619704261769e-08,-7.22684756162987e-09,0.0,-2.4300283807663112e-09,-1.529425757192832e-08,1.8509514863349342e-08,-6.034096626156564e-09,1.4403671250509007e-08,2.816671863178525e-08,-8.519202613328136e-08,6.215021815216188e-08,1.270721861744391e-07,1.264532162397536e-07,-3.3647366658242305e-09,-2.872336178142636e-09,2.5914762570109114e-09,-4.235865795245014e-09,5.9670483163164935e-09,2.463102777524991e-09,-2.4937663106554307e-09,1.0466049285605492e-08,-3.647420654403887e-08,-2.7899548681934874e-09,5.126580946473198e-09,6.297662052882662e-08
s021,image-s021.png,s,Raytrace,SIS,50,68,21,25,24,8,0,16,105,31,-37.0,-10.0,-10.953704939803096,-4.157760506037107,-23.976852469901548,-7.078880253018553,-0.22835097590382428,0.0,0.19173404150643147,0.12402510037826599,0.006001214534432224,0.0017717871482609423,-0.004076580071695904,-0.004747136031974964,-5.715442413744975e-05,0.0,-0.00019195799249767877,-0.00012416996533782677,0.00011716990261006455,0.00026064711562654114,5.006853441041402e-06,1.4782138730693664e-06,8.502795076956249e-06,9.901418388067253e-06,-2.4661650531818787e-06,-1.8104580247946915e-05,-1.4305295545832577e-07,0.0,-3.0028469542228237e-07,-1.942421867248667e-07,-4.105736617405898e-07,-9.13330456892602e-07,-2.269858096045648e-07,1.4848063060360048e-06,2.1930569468936562e-08,6.4747395574955564e-09,2.085618014871631e-08,2.4286809662037146e-08,1.2962489433543998e-08,9.516006637916366e-08,6.411543137423238e-08,-1.3662181898852257e-07,-1.044312831854122e-09,0.0,-1.964151520199144e-09,-1.2705312397154636e-09,-1.4386862834227246e-09,-3.2003903879100014e-09,1.6665068617722092e-09,-1.0901297758315469e-08,-1.1895224168046207e-08,1.3403159025155815e-08,2.3053994269030592e-10,6.806417355618556e-11,1.8792486701663288e-10,2.1883659632070849e-10,6.118025572314335e-11,4.491357331904992e-10,-6.258556207896926e-10,1.3336186235322162e-09,2.0830508102261212e-09,-1.2997410500983545e-09,-1.5369329512687062e-11,0.0,-2.7653142752678585e-11,-1.788771455881733e-11,-1.6975750525475698e-11,-3.7762943482051095e-11,1.0167137849750992e-11,-6.65073751524121e-11,1.4886397674010738e-10,-1.6773517885644756e-10,-3.673626922789467e-10,1.019748037240459e-10,4.4430774871901104e-12,1.3117657343132709e-12,3.387718545000735e-12,3.944963790316363e-12,9.123953537879338e-13,6.698065435324492e-12,-4.786425711028497e-12,1.0199263626212824e-11,-3.249879038146878e-11,2.027795564561935e-11,6.615649344985505e-11,1.0793335827489588e-12
s022,image-s022.png,s,Raytrace,SIS,50,21,-68,25,24,8,20,16,33,-105,-12.0,37.0,-2.9913298370197303,10.699685845062774,-7.495664918509864,23.849842922531387,-0.2271413611669656,0.0,-0.1863031669601263,-0.12993970883994316,0.0018562815548563306,-0.005906350401815598,0.00490135560621055,-0.0037825215797660013,-5.6250956207767594e-05,0.0,0.00018454994250631634,0.00012871689830603583,9.71685780380067e-05,0.00026393658196482826,1.5323440274528076e-06,-4.875640087349842e-06,-1.0115064401127931e-05,7.806095385021467e-06,-1.786687545574776e-05,8.626014878701988e-07,-1.3930400249570978e-07,0.0,2.856456514770869e-07,1.9922749242514214e-07,-3.3688957219715055e-07,-9.150847319236245e-07,3.707531454779385e-07,-1.4149240504853105e-06,6.640916414171405e-09,-2.113018859054538e-08,-2.4548695178567045e-08,1.8944956605549867e-08,9.291837161235835e-08,-4.4860404272595775e-09,1.2379510372313395e-07,7.774783831543556e-08,-1.006199456692637e-09,0.0,1.8486560240881302e-09,1.2893705965107432e-09,-1.168017337979224e-09,-3.1726563266297035e-09,-2.6932703320173837e-09,1.0278464292777623e-08,-1.3144617698348532e-08,1.1195847279573715e-08,6.907342481307553e-11,-2.1977907895069487e-10,-2.1885909520267795e-10,1.6890005889048917e-10,4.339214976590764e-10,-2.0949456463534634e-11,-1.1956436466573122e-09,-7.509077994804388e-10,-9.185135962230507e-10,-2.1664782300056115e-09,-1.465193859671299e-11,0.0,2.575208057329305e-11,1.796114315347432e-11,-1.3636373081905315e-11,-3.704013966560005e-11,-1.6257668237477284e-11,6.204496462022113e-11,1.627614871018883e-10,-1.386310955865993e-10,3.6176735744107165e-10,-3.501341276415837e-11,1.3171504979214502e-12,-4.190933402477342e-12,-3.903681472370814e-12,3.0125868425182705e-12,6.4027957492618715e-12,-3.0912294393627026e-13,-9.047438303636557e-12,-5.682121095622657e-12,1.4178804894643511e-11,3.3443241622176796e-11,-1.295826107405128e-11,6.139006834225408e-11
s023,image-s023.png,s,Raytrace,SIS,50,68,-21,25,24,8,40,16,105,-33,-37.0,12.0,-10.699685845062774,2.9913298370197303,-23.849842922531387,7.495664918509864,-0.2271413611669656,0.0,0.1863031669601263,-0.12993970883994316,0.005906350401815598,-0.0018562815548563306,-0.0037825215797660013,0.00490135560621055,-5.6250956207767594e-05,0.0,-0.00018454994250631634,0.00012871689830603583,9.716857803800672e-05,-0.00026393658196482826,4.875640087349842e-06,-1.5323440274528076e-06,7.806095385021467e-06,-1.0115064401127931e-05,-8.626014878701988e-07,1.786687545574776e-05,-1.3930400249570978e-07,0.0,-2.856456514770869e-07,1.9922749242514214e-07,-3.368895721971505e-07,9.150847319236247e-07,-3.707531454779385e-07,-1.4149240504853107e-06,2.113018859054538e-08,-6.640916414171405e-09,1.8944956605549867e-08,-2.4548695178567045e-08,4.4860404272595775e-09,-9.291837161235835e-08,7.774783831543556e-08,1.2379510372313398e-07,-1.006199456692637e-09,0.0,-1.8486560240881302e-09,1.2893705965107432e-09,-1.168017337979224e-09,3.1726563266297044e-09,2.6932703320173837e-09,1.0278464292777623e-08,-1.3144617698348534e-08,-1.1195847279573714e-08,2.1977907895069487e-10,-6.907342481307553e-11,1.6890005889048917e-10,-2.1885909520267795e-10,2.0949456463531803e-11,-4.339214976590764e-10,-7.509077994804382e-10,-1.1956436466573118e-09,2.166478230005611e-09,9.185135962230506e-10,-1.465193859671299e-11,0.0,-2.575208057329305e-11,1.796114315347432e-11,-1.3636373081905315e-11,3.704013966560012e-11,1.625766823747693e-11,6.204496462022104e-11,1.6276148710188828e-10,1.386310955865994e-10,-3.6176735744107165e-10,-3.501341276415834e-11,4.190933402477342e-12,-1.3171504979214502e-12,3.0125868425182636e-12,-3.903681472370837e-12,3.091229439364367e-13,-6.402795749261847e-12,-5.682121095622623e-12,-9.047438303636603e-12,-3.344324162217678e-11,-1.4178804894643519e-11,6.139006834225412e-11,-1.295826107405128e-11
s024,image-s024.png,s,Raytrace,SIS,50,-21,-68,25,24,8,60,16,-31,-105,10.0,37.0,4.157760506037107,10.953704939803096,7.078880253018553,23.976852469901548,-0.22835097590382428,0.0,-0.19173404150643147,0.12402510037826597,-0.0017717871482609423,-0.006001214534432224,-0.004747136031974964,-0.004076580071695904,-5.715442413744975e-05,0.0,0.00019195799249767877,-0.00012416996533782677,0.00011716990261006453,-0.00026064711562654114,-1.4782138730693664e-06,-5.006853441041402e-06,9.901418388067253e-06,8.502795076956249e-06,1.8104580247946915e-05,2.4661650531818787e-06,-1.4305295545832577e-07,0.0,3.0028469542228237e-07,-1.942421867248667e-07,-4.1057366174058975e-07,9.133304568926019e-07,2.269858096045648e-07,1.4848063060360052e-06,-6.4747395574955564e-09,-2.1930569468936562e-08,2.4286809662037146e-08,2.085618014871631e-08,-9.516006637916366e-08,-1.2962489433543998e-08,-1.3662181898852257e-07,6.411543137423238e-08,-1.044312831854122e-09,0.0,1.964151520199144e-09,-1.2705312397154638e-09,-1.4386862834227244e-09,3.2003903879100014e-09,-1.6665068617722092e-09,-1.090129775831547e-08,-1.1895224168046212e-08,-1.3403159025155813e-08,-6.806417355618556e-11,-2.3053994269030592e-10,2.1883659632070849e-10,1.8792486701663288e-10,-4.491357331904992e-10,-6.118025572314642e-11,1.3336186235322153e-09,-6.258556207896918e-10,1.2997410500983545e-09,-2.083050810226121e-09,-1.5369329512687062e-11,0.0,2.7653142752678585e-11,-1.788771455881733e-11,-1.6975750525475698e-11,3.776294348205104e-11,-1.0167137849750625e-11,-6.650737515241204e-11,1.4886397674010733e-10,1.6773517885644769e-10,3.673626922789466e-10,1.0197480372404591e-10,-1.3117657343132709e-12,-4.4430774871901104e-12,3.944963790316339e-12,3.387718545000743e-12,-6.698065435324471e-12,-9.123953537881126e-13,1.019926362621289e-11,-4.786425711028476e-12,-2.0277955645619346e-11,3.249879038146879e-11,1.0793335827489834e-12,6.615649344985505e-11
s025,image-s025.png,s,Raytrace,SIS,50,-68,21,25,24,8,80,16,-103,31,35.0,-10.0,12.878501517063448,-4.410034437174435,23.93925075853172,-7.205017218587217,-0.232419910277007,0.0,0.19381048352226135,-0.12828293405609045,-0.006207238744649539,0.0018681980687780167,0.004144954757230966,-0.004983906792644968,-6.0264453831548924e-05,0.0,-0.00020101346605593226,0.000133050579833456,0.0001177308683763164,-0.000277370785270783,-5.3649427352200005e-06,1.614691502833204e-06,-8.956254877335707e-06,1.0769029370451529e-05,2.1343557213106523e-06,-1.9492820623845738e-05,-1.562604680161165e-07,0.0,-3.257564812920251e-07,2.1561783680875538e-07,-4.273722101819609e-07,1.006877526479938e-06,-2.9904487471028414e-07,-1.6132523737727435e-06,-2.4343949317117545e-08,7.326819697384892e-09,-2.2758331321838355e-08,2.7364690016531973e-08,-1.1621815941449528e-08,1.0614068274004158e-07,-7.683119295620194e-08,-1.4916513718308677e-07,-1.1817451124814342e-09,0.0,-2.207373218089435e-09,1.461057770596925e-09,-1.551394367125528e-09,3.6550437434881073e-09,2.2744986149096807e-09,1.2270199558513593e-08,-1.408733946872415e-08,-1.4586788930579407e-08,-2.651112890196033e-10,7.97907763068709e-11,-2.1243731916668475e-10,2.554353087109294e-10,-5.6824782230074496e-11,5.1897407538038e-10,7.769446478717119e-10,1.5084114996042487e-09,-2.4673981272167946e-09,-1.3816746797569928e-09,-1.801727206929343e-11,0.0,-3.2194834101347635e-11,2.1309723317911068e-11,-1.896382792263534e-11,4.467827270099268e-11,1.4375342369515794e-11,7.755041855802059e-11,1.8263620745969052e-10,1.8911135173612102e-10,-4.363488917016887e-10,-9.671508653511349e-11,-5.293060307997266e-12,1.5930569859020896e-12,-3.96729775576745e-12,4.770291448639848e-12,-8.77910961418665e-13,8.017857906157288e-12,6.155568371210526e-12,1.1950825767535838e-11,3.987929557385832e-11,2.233130208423152e-11,-7.87294699247526e-11,5.854630325244503e-12
s026,image-s026.png,s,Raytrace,SIS,50,21,68,25,24,8,100,16,33,103,-12.0,-35.0,-3.2555593458817143,-12.615836746236866,-7.627779672940857,-23.807918373118433,-0.2311448385739654,0.0,-0.1881089812980125,0.13432403937645895,0.00195617533072513,0.006105638153475406,0.005140102352182344,0.003832073458951647,-5.927804032500394e-05,0.0,0.00019296527402770989,-0.00013779179966810626,9.620456003163056e-05,-0.00028034235186364585,1.6722305784964352e-06,5.219386351064632e-06,-1.0985002462348998e-05,-8.189591081705519e-06,-1.9178499663275377e-05,-3.9360612944977537e-07,-1.5202096168149412e-07,0.0,3.092920916412687e-07,-2.2085794527072943e-07,-3.454087469078889e-07,1.006529216812543e-06,4.55731023935104e-07,1.5297803221322298e-06,7.504881635413136e-09,2.3424327528713727e-08,-2.760805884707305e-08,-2.058249083622348e-08,1.0328650015270547e-07,2.1197799756655705e-09,1.3402382828580757e-07,-9.160997666716291e-08,-1.1371032780928992e-09,0.0,2.072875703938747e-09,-1.4801900247243278e-09,-1.2401408249385652e-09,3.6137995474548475e-09,-3.4283065572139805e-09,-1.1508007210432304e-08,-1.5401092587787892e-08,-1.1981298177849492e-08,8.083562028227517e-11,2.5230511785073765e-10,-2.548871905867575e-10,-1.900247059593209e-10,4.994926368423405e-10,1.0251237944991579e-11,-1.3404674225884323e-09,9.162563916958564e-10,-9.307201960867173e-10,2.541069468812434e-09,-1.7146949756846253e-11,0.0,2.990235724394457e-11,-2.1352544594993187e-11,-1.4993276221688135e-11,4.3690759738911005e-11,-2.1430579329483126e-11,-7.193734204674775e-11,1.9748366286272672e-10,1.5363264888676995e-10,4.2499116685717337e-10,1.7451794438714703e-11,1.5962581881693936e-12,4.98226040549841e-12,-4.707970541515384e-12,-3.509908504060202e-12,7.632442198287452e-12,1.5664291183602364e-13,-1.05040332025937e-11,7.1798742724213806e-12,1.4878156665089544e-11,-4.0620618111465656e-11,-1.9859488793202626e-11,-7.203368000107403e-11
s021e,image-s021e.png,e,Raytrace,SIS,50,68,21,25,24,8,0,16,106,35,-38.0,-14.0,-9.478765860200454,-1.676950991575623,-23.739382930100227,-7.8384754957878116,-0.2239564427367946,0.0,0.17992359748319164,0.13335661705376906,0.0057152835880186735,0.001887121939440128,-0.0034678805239554697,-0.0049192987688655545,-5.391776969828937e-05,0.0,-0.00017326724739573867,-0.00012842303223218268,7.841259875972477e-05,0.00025793334717847305,4.586536865435096e-06,1.5144225499078146e-06,6.957468349160321e-06,9.869390034639184e-06,4.0217653310409234e-07,-1.6900540109345924e-05,-1.2980764713495557e-07,0.0,-2.607142997086991e-07,-1.93237449189746e-07,-2.642909195015199e-07,-8.693684761653049e-07,-4.5801673597827375e-07,1.2837195775931463e-06,1.93237449189746e-08,6.380481812868973e-09,1.641518092170078e-08,2.3285455984141882e-08,-2.0333136654809257e-09,8.544531152305538e-08,8.251982597897666e-08,-1.0596907022887212e-07,-9.114974018384247e-10,0.0,-1.6403178795571788e-09,-1.21577851027013e-09,-8.907967754645565e-10,-2.930220367461906e-09,3.234529553493949e-09,-9.065670718898773e-09,-1.2994803559358545e-08,8.705469701865928e-09,1.9539297486484226e-10,6.451654830442905e-11,1.4227104883586262e-10,2.0181600564058446e-10,-9.23099741514255e-12,3.879113504205163e-10,-7.748029563871549e-10,9.949748187768264e-10,2.024886385752327e-09,-5.6331152855337e-10,-1.2903309660885813e-11,0.0,-2.2213597799155283e-11,-1.6464378750347842e-11,-1.0110273283615107e-11,-3.325711263470519e-11,1.8981219292132806e-11,-5.320015819913881e-11,1.5642569086780969e-10,-1.0479258930101089e-10,-3.1971877270001953e-10,-1.5225104331068555e-11,3.622163325076524e-12,1.1959973243177202e-12,2.466953596526815e-12,3.499452102347112e-12,-1.3241640221216232e-13,5.564493530829544e-12,-5.699671321361702e-12,7.319318277388886e-12,-3.038710810815224e-11,8.453515435316693e-12,5.086180192903295e-11,1.9523019337796792e-11
s022e,image-s022e.png,e,Raytrace,SIS,50,21,-68,25,24,8,20,16,36,-114,-15.0,46.0,-0.056568396854867586,1.6791332567070754,-7.528284198427435,23.83956662835354,-0.20911900551187318,0.0,-0.17119314053238988,-0.12009857243503043,0.0015802443741451374,-0.005004107184792934,0.00416754624617118,-0.003189015409956198,-4.3895677059587146e-05,0.0,0.00014373899289033576,0.000100838431935374,7.469776513883451e-05,0.00020637588399871883,1.1056845606948903e-06,-3.5013344422004864e-06,-7.2899983315336905e-06,5.578322505520917e-06,-1.2840175779874328e-05,5.319125254067183e-07,-9.214038005790752e-08,0.0,1.8857445540818604e-07,1.3229223333251205e-07,-2.1951484297726352e-07,-6.064782485268815e-07,2.5290195225384766e-07,-9.338343134888623e-07,4.0616036549455454e-09,-1.286174490732756e-08,-1.4996218230275016e-08,1.1475138655353694e-08,5.6600271069975e-08,-2.344702567913746e-09,7.492856535282057e-08,4.806447217099874e-08,-5.641116187424369e-10,0.0,1.034441457039028e-09,7.257004683227642e-10,-6.450897988416644e-10,-1.7822618554526325e-09,-1.5571908619044636e-09,5.749889419746741e-09,-7.437595601912972e-09,6.195771122085965e-09,3.5807588897504814e-11,-1.1339069817543193e-10,-1.133215483396097e-10,8.671389412106065e-11,2.2403849649864447e-10,-9.280938555973877e-12,-6.133950564147781e-10,-3.934748981253079e-10,-4.6029016189014607e-10,-1.1239857882170192e-09,-6.962586730070381e-12,0.0,1.221396556642429e-11,8.568566612753042e-12,-6.383580233229721e-12,-1.763663225079154e-11,-7.967365083737752e-12,2.941930197445967e-11,7.806040724090006e-11,-6.502698490854313e-11,1.721230084411803e-10,-1.4285126739035606e-11,5.78754060685951e-13,-1.8327211921721784e-12,-1.7132345954148718e-12,1.310970821419616e-12,2.802048785973407e-12,-1.1607666994638134e-13,-3.934220554950635e-12,-2.5236868407607645e-12,6.022548297890979e-12,1.4706503106393965e-11,-6.072666754619145e-12,2.6769483835229323e-11
s023e,image-s023e.png,e,Raytrace,SIS,50,68,-21,25,24,8,40,16,112,-39,-44.0,18.0,-3.219149320658616,-1.5576176472706607,-23.609574660329308,8.22119117636467,-0.21079977375294023,0.0,0.16520767195724564,-0.13093116413122546,0.005035814005047133,-0.0017535423767574838,-0.002857506688537582,0.004502109403987878,-4.496262504506369e-05,0.0,-0.0001409521552425843,0.00011170806751331003,5.135388637066568e-05,-0.0002188691838249585,3.580386779272757e-06,-1.246741824925335e-06,5.079108938033384e-06,-8.002327415549018e-06,1.3856978506656063e-06,1.3196804201774557e-05,-9.590321730194885e-08,0.0,-1.8790280204752615e-07,1.4891761577494225e-07,-1.533496784619949e-07,6.535731049163353e-07,-4.286428516383791e-07,-9.111979160899469e-07,1.3364401415699946e-08,-4.6536754929669455e-09,1.0616836315547921e-08,-1.6727225454471462e-08,-6.20682293579333e-09,-5.911117417076411e-08,6.533891924785425e-08,6.674070737788499e-08,-5.966250632008904e-10,0.0,-1.047392796340281e-09,8.300846837366138e-10,-4.57922964479473e-10,1.9516580452531873e-09,2.6818749338199335e-09,5.701060548589827e-09,-9.169641312866235e-09,-4.55368914920287e-09,1.1972375246201162e-10,-4.168952094659333e-11,8.152280995941522e-11,-1.2844225731126326e-10,-2.496472380858543e-11,-2.377535419391896e-10,-5.435231817987199e-10,-5.551839860087124e-10,1.2846715647279764e-09,1.6252809119331963e-10,-7.482734528875725e-12,0.0,-1.2566479515280655e-11,9.959245672275401e-12,-4.604578079677755e-12,1.9624614948969096e-11,1.394327085215774e-11,2.9640245475693495e-11,9.77921220710936e-11,4.856405064915998e-11,-1.8156919898352172e-10,3.855554651848959e-11,1.9663126070902725e-12,-6.846981399689341e-13,1.2523817994375034e-12,-1.9731746908061117e-12,-3.17272974105282e-13,-3.0215745198457247e-12,-3.542336177145298e-12,-3.618333834634348e-12,-1.708024049798305e-11,-2.1608782831959864e-12,2.5439715283806197e-11,-1.539914535642632e-11
s024e,image-s024e.png,e,Raytrace,SIS,50,-21,-68,25,24,8,60,16,-29,-107,8.0,39.0,5.079527664948804,9.258946901707652,6.539763832474402,24.129473450853826,-0.2255090976715311,0.0,-0.1946460950447194,0.1138738372782361,-0.001596362204835086,-0.005890026066115662,-0.004352132793751375,-0.004277817141265121,-5.5046972580520204e-05,0.0,0.0001900531440631923,-0.00011118682240348524,0.00013487167741927527,-0.00023992469732631635,-1.2989114766762293e-06,-4.792535448426087e-06,8.852995918940957e-06,8.701824941548252e-06,1.684967850394824e-05,4.256645470284375e-06,-1.343701527596099e-07,0.0,2.8995089106467496e-07,-1.696300179060495e-07,-4.609121604238862e-07,8.199216670223995e-07,2.4297518441549112e-08,1.410677369165692e-06,-5.5486454455249836e-09,-2.047258836797149e-08,2.117803743017609e-08,2.081640791550192e-08,-8.637345368175256e-08,-2.182007035214936e-08,-1.344683771460673e-07,3.894257607563533e-08,-9.56663007849135e-10,0.0,1.8496460422677393e-09,-1.0820987309873295e-09,-1.5751269924982279e-09,2.802010578921137e-09,-1.739773492966901e-10,-1.0100863180356517e-08,-8.532441131430109e-09,-1.4024748692405623e-08,-5.688603141872643e-11,-2.0988984006219752e-10,1.8610480410569708e-10,1.8292693693036669e-10,-3.9758093290682785e-10,-1.0043877553703518e-10,1.2801301974035697e-09,-3.7073078932867285e-10,1.5295451390674436e-09,-1.6106862243402639e-09,-1.373111103210638e-11,0.0,2.5396889311039955e-11,-1.4857946367299577e-11,-1.8125952837070832e-11,3.2244455110217916e-11,-1.0351581503121007e-12,-6.00997249848301e-11,1.0413882585146586e-10,1.7117268542399113e-10,2.9974808752117053e-10,1.6177170865451124e-10,-1.0692167011981942e-12,-3.94504093200713e-12,3.271922773566305e-12,3.2160524480666144e-12,-5.782554252000999e-12,-1.4608162023790299e-12,9.548028323460394e-12,-2.7651469233898166e-12,-2.327298136742172e-11,2.450759348670703e-11,-1.3321455449182738e-11,5.683678384045374e-11
s025e,image-s025e.png,e,Raytrace,SIS,50,-68,21,25,24,8,80,16,-113,33,45.0,-12.0,2.9952401786833036,-2.0163090787305222,23.997620089341655,-7.008154539365262,-0.21236831937470488,0.0,0.17899133859839467,-0.11429087356736536,-0.005195039707607515,0.0015171354898322832,0.003562077305649195,-0.004074523644146192,-4.59738027221904e-05,0.0,-0.0001549932214735702,9.896741830050398e-05,9.671505819076899e-05,-0.00020853287735421536,-3.74876584471606e-06,1.0947723263330087e-06,-6.426030642317065e-06,7.350490049332862e-06,2.0443437985333046e-06,-1.3514986609124837e-05,-9.952475693936444e-08,0.0,-2.0970723788637908e-07,1.3390381679423077e-07,-2.9311823091443915e-07,6.320090091555091e-07,-1.3961995813260982e-07,-1.0356408925995329e-06,-1.4201919963024475e-08,4.147463352033697e-09,-1.3632941325163926e-08,1.5594198834636032e-08,-9.29381291005904e-09,6.144062320499816e-08,-3.965112223787445e-08,-8.923506889154887e-08,-6.284035381869237e-10,0.0,-1.1863939565804677e-09,7.575450452206445e-10,-8.8836525461152e-10,1.9154552160868365e-09,8.866038617166736e-10,6.576446713000392e-09,-6.965604208537454e-09,-8.231778377950433e-09,-1.2912699634442805e-10,3.7709653799700223e-11,-1.0624604294398209e-10,1.2153077458079746e-10,-3.793940490673994e-11,2.5081424642990713e-10,3.347655723647968e-10,7.53391763624709e-10,-1.146011648907237e-09,-7.580379757107748e-10,-7.999017472663684e-12,0.0,-1.4446816291885835e-11,9.224688005555185e-12,-9.066259840271556e-12,1.9548282208585628e-11,4.678374035794905e-12,3.4702169569068336e-11,7.53962066157177e-11,8.910136792412828e-11,-1.8954738648611234e-10,-5.868656489417287e-11,-2.1524272012962097e-12,6.285849348918135e-13,-1.6565690777144654e-12,1.8948858478185368e-12,-4.893684966859713e-13,3.2351743793725013e-12,2.2143775532861288e-12,4.983468874700423e-12,1.5464293429474194e-11,1.0228972539898651e-11,-3.2021555417400063e-11,-5.162248160626649e-13
s026e,image-s026e.png,e,Raytrace,SIS,50,21,68,25,24,8,100,16,39,107,-18.0,-39.0,0.8776005976003205,-7.976839386070914,-8.561199701199838,-23.488419693035457,-0.21951794105640612,0.0,-0.1680319289751735,0.1412564946844075,0.001980231233893563,0.005432942103246442,0.005011801887724758,0.0028844440495724706,-5.07751598434247e-05,0.0,0.00015546516173493307,-0.0001306922078807163,4.362962208287946e-05,-0.00025009873551267375,1.5267781294476204e-06,4.188852816689625e-06,-9.660373723447875e-06,-5.559838183447322e-06,-1.5361205838675305e-05,2.7446698423194443e-06,-1.174444714959708e-07,0.0,2.2474724614726254e-07,-1.889343791644896e-07,-1.412832789114061e-07,8.098802537804392e-07,6.194988671957331e-07,1.0662653899761119e-06,6.1800965147262955e-09,1.6955649412197784e-08,-2.189784020581091e-08,-1.260287144127612e-08,7.461495511461406e-08,-1.333185813925405e-08,7.627057440053325e-08,-9.148635458667151e-08,-7.923200659905508e-10,0.0,1.3585338548917026e-09,-1.1420551523898216e-09,-4.575094613939134e-10,2.622588331440127e-09,-4.20323055614684e-09,-7.234491466299039e-09,-1.279311491527607e-08,-4.603607341225848e-09,6.003794609525932e-11,1.6471949313314735e-10,-1.823413062627277e-10,-1.0494295417562226e-10,3.2544908277770236e-10,-5.8149750227388156e-11,-6.880229147927823e-10,8.252816874819292e-10,7.338661740097212e-12,1.790752485245586e-09,-1.0776041606841415e-11,0.0,1.76756043186565e-11,-1.4859044484640124e-11,-4.988813380107663e-12,2.8597449588345127e-11,-2.369785924581755e-11,-4.078814097710981e-11,1.4795429740103348e-10,5.324141103962099e-11,2.507720306806499e-10,-9.256884529090551e-11,1.0692957245955976e-12,2.9337087828648447e-12,-3.0376828474767745e-12,-1.7482786451221193e-12,4.485275524018078e-12,-8.014084697881324e-13,-4.862665164945214e-12,5.832754152082399e-12,-1.0580799887409184e-13,-2.5818867751806047e-11,-2.8836895698594693e-11,-3.4018968698010894e-11
